"student_id","student_level","score_value","attribute"
"student46","มัธยมศึกษาปีที่ 6",0.8083325396825396,"ไม่เหยียดหยาม"
"student46","มัธยมศึกษาปีที่ 6",0.01323809523809516,"ไม่ทำตนเป็นคนถือยศศักดิ์"
"student46","มัธยมศึกษาปีที่ 6",0.8614253968253969,"เป็นผู้รับใช้และใช้คน"
"student46","มัธยมศึกษาปีที่ 6",0.7847396825396824,"กล้าเสียสละเพื่อประโยชน์ส่วนรวม"
"student46","มัธยมศึกษาปีที่ 6",0.7070174603174602,"รู้จักรักษาหมู่รักษาคณะ"
"student46","มัธยมศึกษาปีที่ 6",0.7725412698412698,"มีสติปัญญาความรู้"
"student46","มัธยมศึกษาปีที่ 6",0.9340222222222222,"รู้จักตรากตรำ"
"student46","มัธยมศึกษาปีที่ 6",-0.7751936507936508,"ไม่สำรวยหยิบโหย่ง"
"student29","มัธยมศึกษาปีที่ 6",-0.7109365079365075,"ศีลธรรม"
"student29","มัธยมศึกษาปีที่ 6",0.9466666666666668,"ไม่เหยียดหยาม"
"student29","มัธยมศึกษาปีที่ 6",0.8069111111111111,"ไม่ทำตนเป็นคนถือยศศักดิ์"
"student29","มัธยมศึกษาปีที่ 6",0.7362650793650792,"มีระเบียบ"
"student29","มัธยมศึกษาปีที่ 6",0.8180174603174601,"เป็นผู้รับใช้และใช้คน"
"student29","มัธยมศึกษาปีที่ 6",0.8164285714285714,"เป็นผู้กล้าหาญ"
"student29","มัธยมศึกษาปีที่ 6",0.8158888888888888,"กล้าเสียสละเพื่อประโยชน์ส่วนรวม"
"student29","มัธยมศึกษาปีที่ 6",0.8768333333333335,"รู้จักรักษาหมู่รักษาคณะ"
"student29","มัธยมศึกษาปีที่ 6",0.7538333333333335,"มีสติปัญญาความรู้"
"student29","มัธยมศึกษาปีที่ 6",0.9312603174603176,"รู้จักตรากตรำ"
"student29","มัธยมศึกษาปีที่ 6",0.8214888888888887,"รักเกียรติ และรักชื่อเสียงวงศ์ตระกูล"
"student29","มัธยมศึกษาปีที่ 6",0.8709674603174603,"ไม่สำรวยหยิบโหย่ง"
"student47","มัธยมศึกษาปีที่ 6",-0.12063650793650772,"ศีลธรรม"
"student47","มัธยมศึกษาปีที่ 6",-0.6898015873015874,"ไม่ทำตนเป็นคนถือยศศักดิ์"
"student47","มัธยมศึกษาปีที่ 6",0.8181904761904761,"มีระเบียบ"
"student47","มัธยมศึกษาปีที่ 6",-0.9109507936507938,"เป็นผู้รับใช้และใช้คน"
"student47","มัธยมศึกษาปีที่ 6",0.8764238095238095,"เป็นผู้กล้าหาญ"
"student47","มัธยมศึกษาปีที่ 6",-0.02890079365079367,"กล้าเสียสละเพื่อประโยชน์ส่วนรวม"
"student47","มัธยมศึกษาปีที่ 6",0.7830031746031747,"รู้จักรักษาหมู่รักษาคณะ"
"student47","มัธยมศึกษาปีที่ 6",-0.909955555555556,"มีสติปัญญาความรู้"
"student47","มัธยมศึกษาปีที่ 6",0.8571380952380953,"รู้จักตรากตรำ"
"student47","มัธยมศึกษาปีที่ 6",0.9304039682539682,"รักเกียรติ และรักชื่อเสียงวงศ์ตระกูล"
"student47","มัธยมศึกษาปีที่ 6",-0.02051904761904754,"ไม่สำรวยหยิบโหย่ง"
"student10","มัธยมศึกษาปีที่ 6",1,"ศีลธรรม"
"student10","มัธยมศึกษาปีที่ 6",0.9105666666666667,"ไม่เหยียดหยาม"
"student10","มัธยมศึกษาปีที่ 6",0.8969388888888888,"ไม่ทำตนเป็นคนถือยศศักดิ์"
"student10","มัธยมศึกษาปีที่ 6",0.9324380952380952,"มีระเบียบ"
"student10","มัธยมศึกษาปีที่ 6",0.8019539682539683,"เป็นผู้รับใช้และใช้คน"
"student10","มัธยมศึกษาปีที่ 6",0.8878492063492065,"เป็นผู้กล้าหาญ"
"student10","มัธยมศึกษาปีที่ 6",0.8633952380952381,"กล้าเสียสละเพื่อประโยชน์ส่วนรวม"
"student10","มัธยมศึกษาปีที่ 6",0.7974801587301587,"รู้จักรักษาหมู่รักษาคณะ"
"student10","มัธยมศึกษาปีที่ 6",0.8760492063492064,"มีสติปัญญาความรู้"
"student10","มัธยมศึกษาปีที่ 6",0.9587142857142856,"รู้จักตรากตรำ"
"student10","มัธยมศึกษาปีที่ 6",0.8810698412698414,"รักเกียรติ และรักชื่อเสียงวงศ์ตระกูล"
"student10","มัธยมศึกษาปีที่ 6",0.9824666666666664,"ไม่สำรวยหยิบโหย่ง"
"student39","มัธยมศึกษาปีที่ 6",-0.8476841269841268,"ศีลธรรม"
"student39","มัธยมศึกษาปีที่ 6",-0.8452166666666666,"ไม่เหยียดหยาม"
"student39","มัธยมศึกษาปีที่ 6",0.8358404761904762,"ไม่ทำตนเป็นคนถือยศศักดิ์"
"student39","มัธยมศึกษาปีที่ 6",0.8796746031746032,"มีระเบียบ"
"student39","มัธยมศึกษาปีที่ 6",-0.8652619047619048,"เป็นผู้รับใช้และใช้คน"
"student39","มัธยมศึกษาปีที่ 6",0.6004357142857143,"เป็นผู้กล้าหาญ"
"student39","มัธยมศึกษาปีที่ 6",0.9608698412698412,"กล้าเสียสละเพื่อประโยชน์ส่วนรวม"
"student39","มัธยมศึกษาปีที่ 6",-0.04379523809523822,"รู้จักรักษาหมู่รักษาคณะ"
"student39","มัธยมศึกษาปีที่ 6",0.7745349206349207,"มีสติปัญญาความรู้"
"student39","มัธยมศึกษาปีที่ 6",0.8648301587301588,"รู้จักตรากตรำ"
"student39","มัธยมศึกษาปีที่ 6",-0.5498928571428572,"รักเกียรติ และรักชื่อเสียงวงศ์ตระกูล"
"student39","มัธยมศึกษาปีที่ 6",0.7770714285714285,"ไม่สำรวยหยิบโหย่ง"
"student8","มัธยมศึกษาปีที่ 6",0.9660206349206346,"ศีลธรรม"
"student8","มัธยมศึกษาปีที่ 6",0.9641761904761906,"ไม่เหยียดหยาม"
"student8","มัธยมศึกษาปีที่ 6",0.8814966777111439,"มีระเบียบ"
"student8","มัธยมศึกษาปีที่ 6",0.8144079365079362,"เป็นผู้รับใช้และใช้คน"
"student8","มัธยมศึกษาปีที่ 6",0.8764142857142857,"เป็นผู้กล้าหาญ"
"student8","มัธยมศึกษาปีที่ 6",0.7884714285714286,"รู้จักรักษาหมู่รักษาคณะ"
"student8","มัธยมศึกษาปีที่ 6",0.7509650793650795,"มีสติปัญญาความรู้"
"student8","มัธยมศึกษาปีที่ 6",1,"รู้จักตรากตรำ"
"student8","มัธยมศึกษาปีที่ 6",0.8549269841269841,"ไม่สำรวยหยิบโหย่ง"
"student67","มัธยมศึกษาปีที่ 6",0.9698888888888888,"ศีลธรรม"
"student67","มัธยมศึกษาปีที่ 6",0.8877079365079366,"ไม่เหยียดหยาม"
"student67","มัธยมศึกษาปีที่ 6",0.8152333333333333,"ไม่ทำตนเป็นคนถือยศศักดิ์"
"student67","มัธยมศึกษาปีที่ 6",0.7754753968253971,"มีระเบียบ"
"student67","มัธยมศึกษาปีที่ 6",-0.8840920634920634,"เป็นผู้รับใช้และใช้คน"
"student67","มัธยมศึกษาปีที่ 6",0.895309523809524,"เป็นผู้กล้าหาญ"
"student67","มัธยมศึกษาปีที่ 6",0.7692487734487734,"กล้าเสียสละเพื่อประโยชน์ส่วนรวม"
"student67","มัธยมศึกษาปีที่ 6",0.6678079365079364,"รู้จักรักษาหมู่รักษาคณะ"
"student67","มัธยมศึกษาปีที่ 6",0.8875238095238096,"มีสติปัญญาความรู้"
"student67","มัธยมศึกษาปีที่ 6",0.932702380952381,"รู้จักตรากตรำ"
"student67","มัธยมศึกษาปีที่ 6",0.8104555555555555,"รักเกียรติ และรักชื่อเสียงวงศ์ตระกูล"
"student67","มัธยมศึกษาปีที่ 6",0.7355603174603174,"ไม่สำรวยหยิบโหย่ง"
"student22","มัธยมศึกษาปีที่ 6",-0.00679206349206351,"ศีลธรรม"
"student22","มัธยมศึกษาปีที่ 6",0.7603753968253969,"ไม่เหยียดหยาม"
"student22","มัธยมศึกษาปีที่ 6",0.8706952380952383,"ไม่ทำตนเป็นคนถือยศศักดิ์"
"student22","มัธยมศึกษาปีที่ 6",0.8875825396825395,"มีระเบียบ"
"student22","มัธยมศึกษาปีที่ 6",0.8916698412698414,"เป็นผู้รับใช้และใช้คน"
"student22","มัธยมศึกษาปีที่ 6",0.7983777777777779,"เป็นผู้กล้าหาญ"
"student22","มัธยมศึกษาปีที่ 6",-0.9171126984126984,"กล้าเสียสละเพื่อประโยชน์ส่วนรวม"
"student22","มัธยมศึกษาปีที่ 6",0.5669126984126984,"รู้จักรักษาหมู่รักษาคณะ"
"student22","มัธยมศึกษาปีที่ 6",0.7797515873015873,"มีสติปัญญาความรู้"
"student22","มัธยมศึกษาปีที่ 6",0.9162,"รู้จักตรากตรำ"
"student22","มัธยมศึกษาปีที่ 6",0.7047603174603176,"รักเกียรติ และรักชื่อเสียงวงศ์ตระกูล"
"student22","มัธยมศึกษาปีที่ 6",0.8874293650793652,"ไม่สำรวยหยิบโหย่ง"
"student44","มัธยมศึกษาปีที่ 6",0.809461111111111,"ไม่เหยียดหยาม"
"student44","มัธยมศึกษาปีที่ 6",0.8814966777111439,"มีระเบียบ"
"student44","มัธยมศึกษาปีที่ 6",-0.7394650793650794,"เป็นผู้รับใช้และใช้คน"
"student44","มัธยมศึกษาปีที่ 6",0.7526174603174604,"เป็นผู้กล้าหาญ"
"student44","มัธยมศึกษาปีที่ 6",-0.0513407647907651,"กล้าเสียสละเพื่อประโยชน์ส่วนรวม"
"student44","มัธยมศึกษาปีที่ 6",-0.923669841269841,"รู้จักรักษาหมู่รักษาคณะ"
"student44","มัธยมศึกษาปีที่ 6",-0.8967825396825398,"มีสติปัญญาความรู้"
"student44","มัธยมศึกษาปีที่ 6",0.7084015873015874,"รู้จักตรากตรำ"
"student44","มัธยมศึกษาปีที่ 6",-0.6705111111111113,"รักเกียรติ และรักชื่อเสียงวงศ์ตระกูล"
"student44","มัธยมศึกษาปีที่ 6",-0.6477507936507936,"ไม่สำรวยหยิบโหย่ง"
"student38","มัธยมศึกษาปีที่ 6",0.49603174603174655,"ศีลธรรม"
"student38","มัธยมศึกษาปีที่ 6",0.897923015873016,"ไม่เหยียดหยาม"
"student38","มัธยมศึกษาปีที่ 6",0.7098380952380952,"มีระเบียบ"
"student38","มัธยมศึกษาปีที่ 6",-0.4842317460317463,"เป็นผู้รับใช้และใช้คน"
"student38","มัธยมศึกษาปีที่ 6",0.9444,"เป็นผู้กล้าหาญ"
"student38","มัธยมศึกษาปีที่ 6",0.876606349206349,"กล้าเสียสละเพื่อประโยชน์ส่วนรวม"
"student38","มัธยมศึกษาปีที่ 6",0.8911984126984127,"รู้จักรักษาหมู่รักษาคณะ"
"student38","มัธยมศึกษาปีที่ 6",0.7606420634920634,"มีสติปัญญาความรู้"
"student38","มัธยมศึกษาปีที่ 6",0.9270555555555556,"รู้จักตรากตรำ"
"student38","มัธยมศึกษาปีที่ 6",0.8891190476190476,"ไม่สำรวยหยิบโหย่ง"
"student41","มัธยมศึกษาปีที่ 6",1,"ศีลธรรม"
"student41","มัธยมศึกษาปีที่ 6",0.9446380952380952,"ไม่เหยียดหยาม"
"student41","มัธยมศึกษาปีที่ 6",0.9163047619047616,"ไม่ทำตนเป็นคนถือยศศักดิ์"
"student41","มัธยมศึกษาปีที่ 6",0.8844031746031745,"มีระเบียบ"
"student41","มัธยมศึกษาปีที่ 6",0.9770222222222223,"เป็นผู้รับใช้และใช้คน"
"student41","มัธยมศึกษาปีที่ 6",-0.7249396825396829,"เป็นผู้กล้าหาญ"
"student41","มัธยมศึกษาปีที่ 6",0.744552380952381,"กล้าเสียสละเพื่อประโยชน์ส่วนรวม"
"student41","มัธยมศึกษาปีที่ 6",0.8097000000000001,"รู้จักรักษาหมู่รักษาคณะ"
"student41","มัธยมศึกษาปีที่ 6",0.939020634920635,"มีสติปัญญาความรู้"
"student41","มัธยมศึกษาปีที่ 6",0.9579055555555556,"รู้จักตรากตรำ"
"student41","มัธยมศึกษาปีที่ 6",0.9334666666666666,"รักเกียรติ และรักชื่อเสียงวงศ์ตระกูล"
"student41","มัธยมศึกษาปีที่ 6",0.8462333333333335,"ไม่สำรวยหยิบโหย่ง"
"student6","มัธยมศึกษาปีที่ 5",1,"ศีลธรรม"
"student6","มัธยมศึกษาปีที่ 5",-0.7076555555555555,"ไม่เหยียดหยาม"
"student6","มัธยมศึกษาปีที่ 5",-0.8143126984126983,"ไม่ทำตนเป็นคนถือยศศักดิ์"
"student6","มัธยมศึกษาปีที่ 5",-0.6500095238095238,"มีระเบียบ"
"student6","มัธยมศึกษาปีที่ 5",-0.8275079365079366,"เป็นผู้รับใช้และใช้คน"
"student6","มัธยมศึกษาปีที่ 5",0.7086476190476192,"เป็นผู้กล้าหาญ"
"student6","มัธยมศึกษาปีที่ 5",-0.4319777777777777,"กล้าเสียสละเพื่อประโยชน์ส่วนรวม"
"student6","มัธยมศึกษาปีที่ 5",0.808647619047619,"รู้จักรักษาหมู่รักษาคณะ"
"student6","มัธยมศึกษาปีที่ 5",0.8233031746031747,"มีสติปัญญาความรู้"
"student6","มัธยมศึกษาปีที่ 5",0.9505,"รู้จักตรากตรำ"
"student6","มัธยมศึกษาปีที่ 5",0.7596142857142856,"รักเกียรติ และรักชื่อเสียงวงศ์ตระกูล"
"student6","มัธยมศึกษาปีที่ 5",0.816063492063492,"ไม่สำรวยหยิบโหย่ง"
"student45","ประถมศึกษาปีที่ 5",0.7196761904761904,"ศีลธรรม"
"student45","ประถมศึกษาปีที่ 5",0.7702111111111108,"ไม่เหยียดหยาม"
"student45","ประถมศึกษาปีที่ 5",0.8887817460317459,"ไม่ทำตนเป็นคนถือยศศักดิ์"
"student45","ประถมศึกษาปีที่ 5",0.32058888888888887,"มีระเบียบ"
"student45","ประถมศึกษาปีที่ 5",0.8701428571428573,"เป็นผู้รับใช้และใช้คน"
"student45","ประถมศึกษาปีที่ 5",0.7795476190476189,"เป็นผู้กล้าหาญ"
"student45","ประถมศึกษาปีที่ 5",0.7835999999999999,"กล้าเสียสละเพื่อประโยชน์ส่วนรวม"
"student45","ประถมศึกษาปีที่ 5",0.7647746031746031,"รู้จักรักษาหมู่รักษาคณะ"
"student45","ประถมศึกษาปีที่ 5",0.7880396825396825,"มีสติปัญญาความรู้"
"student45","ประถมศึกษาปีที่ 5",0.9038452380952378,"รู้จักตรากตรำ"
"student45","ประถมศึกษาปีที่ 5",0.5017238095238096,"รักเกียรติ และรักชื่อเสียงวงศ์ตระกูล"
"student45","ประถมศึกษาปีที่ 5",0.8556095238095239,"ไม่สำรวยหยิบโหย่ง"
"student60","มัธยมศึกษาปีที่ 5",-0.4403238095238095,"ศีลธรรม"
"student60","มัธยมศึกษาปีที่ 5",0.8806150793650794,"ไม่เหยียดหยาม"
"student60","มัธยมศึกษาปีที่ 5",0.00484285714285726,"ไม่ทำตนเป็นคนถือยศศักดิ์"
"student60","มัธยมศึกษาปีที่ 5",0.8187054520358867,"มีระเบียบ"
"student60","มัธยมศึกษาปีที่ 5",0.20872301587301575,"เป็นผู้รับใช้และใช้คน"
"student60","มัธยมศึกษาปีที่ 5",0.7477365079365079,"เป็นผู้กล้าหาญ"
"student60","มัธยมศึกษาปีที่ 5",0.8621198412698413,"กล้าเสียสละเพื่อประโยชน์ส่วนรวม"
"student60","มัธยมศึกษาปีที่ 5",0.514184126984127,"รู้จักรักษาหมู่รักษาคณะ"
"student60","มัธยมศึกษาปีที่ 5",0.917815873015873,"มีสติปัญญาความรู้"
"student60","มัธยมศึกษาปีที่ 5",0.8800698412698412,"รู้จักตรากตรำ"
"student60","มัธยมศึกษาปีที่ 5",0.8663761904761903,"รักเกียรติ และรักชื่อเสียงวงศ์ตระกูล"
"student60","มัธยมศึกษาปีที่ 5",-0.816745238095238,"ไม่สำรวยหยิบโหย่ง"
"student15","มัธยมศึกษาปีที่ 6",0.978,"ศีลธรรม"
"student15","มัธยมศึกษาปีที่ 6",0.8437492063492064,"ไม่เหยียดหยาม"
"student15","มัธยมศึกษาปีที่ 6",-0.793604761904762,"ไม่ทำตนเป็นคนถือยศศักดิ์"
"student15","มัธยมศึกษาปีที่ 6",0.8129337535014007,"มีระเบียบ"
"student15","มัธยมศึกษาปีที่ 6",0.961,"เป็นผู้รับใช้และใช้คน"
"student15","มัธยมศึกษาปีที่ 6",0.934023015873016,"เป็นผู้กล้าหาญ"
"student15","มัธยมศึกษาปีที่ 6",0.8913952380952382,"กล้าเสียสละเพื่อประโยชน์ส่วนรวม"
"student15","มัธยมศึกษาปีที่ 6",0.7008698412698412,"รู้จักรักษาหมู่รักษาคณะ"
"student15","มัธยมศึกษาปีที่ 6",0.8623976190476189,"มีสติปัญญาความรู้"
"student15","มัธยมศึกษาปีที่ 6",-0.8454158730158728,"รู้จักตรากตรำ"
"student15","มัธยมศึกษาปีที่ 6",0.00898412698412709,"รักเกียรติ และรักชื่อเสียงวงศ์ตระกูล"
"student15","มัธยมศึกษาปีที่ 6",0.9627888888888888,"ไม่สำรวยหยิบโหย่ง"
"student32","มัธยมศึกษาปีที่ 5",0.00775952380952371,"ศีลธรรม"
"student32","มัธยมศึกษาปีที่ 5",0.7154968253968252,"ไม่เหยียดหยาม"
"student32","มัธยมศึกษาปีที่ 5",0.8657388888888891,"ไม่ทำตนเป็นคนถือยศศักดิ์"
"student32","มัธยมศึกษาปีที่ 5",0.6606674603174602,"มีระเบียบ"
"student32","มัธยมศึกษาปีที่ 5",0.7256968253968252,"เป็นผู้รับใช้และใช้คน"
"student32","มัธยมศึกษาปีที่ 5",0.7879833333333333,"เป็นผู้กล้าหาญ"
"student32","มัธยมศึกษาปีที่ 5",0.9028507936507936,"กล้าเสียสละเพื่อประโยชน์ส่วนรวม"
"student32","มัธยมศึกษาปีที่ 5",-0.9861428571428572,"รู้จักรักษาหมู่รักษาคณะ"
"student32","มัธยมศึกษาปีที่ 5",0.7637873015873016,"มีสติปัญญาความรู้"
"student32","มัธยมศึกษาปีที่ 5",0.8601047619047618,"รู้จักตรากตรำ"
"student32","มัธยมศึกษาปีที่ 5",0.7582277777777777,"รักเกียรติ และรักชื่อเสียงวงศ์ตระกูล"
"student32","มัธยมศึกษาปีที่ 5",0.6655507936507936,"ไม่สำรวยหยิบโหย่ง"
"student42","มัธยมศึกษาปีที่ 5",0.6867698412698412,"ศีลธรรม"
"student42","มัธยมศึกษาปีที่ 5",0.8422000000000001,"ไม่เหยียดหยาม"
"student42","มัธยมศึกษาปีที่ 5",0.883347619047619,"ไม่ทำตนเป็นคนถือยศศักดิ์"
"student42","มัธยมศึกษาปีที่ 5",0.7976801587301585,"มีระเบียบ"
"student42","มัธยมศึกษาปีที่ 5",0.7764714285714284,"เป็นผู้รับใช้และใช้คน"
"student42","มัธยมศึกษาปีที่ 5",0.6623460317460316,"เป็นผู้กล้าหาญ"
"student42","มัธยมศึกษาปีที่ 5",0.6778682539682539,"กล้าเสียสละเพื่อประโยชน์ส่วนรวม"
"student42","มัธยมศึกษาปีที่ 5",0.6918523809523809,"รู้จักรักษาหมู่รักษาคณะ"
"student42","มัธยมศึกษาปีที่ 5",0.8474841269841269,"มีสติปัญญาความรู้"
"student42","มัธยมศึกษาปีที่ 5",-0.833725396825397,"รู้จักตรากตรำ"
"student42","มัธยมศึกษาปีที่ 5",0.8191150793650793,"รักเกียรติ และรักชื่อเสียงวงศ์ตระกูล"
"student42","มัธยมศึกษาปีที่ 5",0.8725809523809523,"ไม่สำรวยหยิบโหย่ง"
"student50","มัธยมศึกษาปีที่ 5",1,"ศีลธรรม"
"student50","มัธยมศึกษาปีที่ 5",-1,"ไม่เหยียดหยาม"
"student50","มัธยมศึกษาปีที่ 5",0.8644666666666669,"ไม่ทำตนเป็นคนถือยศศักดิ์"
"student50","มัธยมศึกษาปีที่ 5",0.8529702075702075,"มีระเบียบ"
"student50","มัธยมศึกษาปีที่ 5",0.9770222222222223,"เป็นผู้รับใช้และใช้คน"
"student50","มัธยมศึกษาปีที่ 5",-0.7731031746031742,"เป็นผู้กล้าหาญ"
"student50","มัธยมศึกษาปีที่ 5",0.8190285714285713,"กล้าเสียสละเพื่อประโยชน์ส่วนรวม"
"student50","มัธยมศึกษาปีที่ 5",0.7792888888888888,"รู้จักรักษาหมู่รักษาคณะ"
"student50","มัธยมศึกษาปีที่ 5",-0.7839365079365079,"มีสติปัญญาความรู้"
"student50","มัธยมศึกษาปีที่ 5",0.932384126984127,"รู้จักตรากตรำ"
"student50","มัธยมศึกษาปีที่ 5",0.8310015873015872,"รักเกียรติ และรักชื่อเสียงวงศ์ตระกูล"
"student50","มัธยมศึกษาปีที่ 5",0.8590634920634921,"ไม่สำรวยหยิบโหย่ง"
"student21","มัธยมศึกษาปีที่ 4",-0.6215507936507934,"ศีลธรรม"
"student21","มัธยมศึกษาปีที่ 4",-0.8044841269841271,"ไม่ทำตนเป็นคนถือยศศักดิ์"
"student21","มัธยมศึกษาปีที่ 4",0.5848000000000001,"มีระเบียบ"
"student21","มัธยมศึกษาปีที่ 4",-0.7093206349206349,"เป็นผู้รับใช้และใช้คน"
"student21","มัธยมศึกษาปีที่ 4",0.8326587301587298,"มีสติปัญญาความรู้"
"student21","มัธยมศึกษาปีที่ 4",0.9409111111111113,"รู้จักตรากตรำ"
"student21","มัธยมศึกษาปีที่ 4",0.9013253968253968,"รักเกียรติ และรักชื่อเสียงวงศ์ตระกูล"
"student48","มัธยมศึกษาปีที่ 4",0.8915000000000001,"ศีลธรรม"
"student48","มัธยมศึกษาปีที่ 4",0.7814666666666668,"ไม่เหยียดหยาม"
"student48","มัธยมศึกษาปีที่ 4",0.8752555555555557,"ไม่ทำตนเป็นคนถือยศศักดิ์"
"student48","มัธยมศึกษาปีที่ 4",0.800792857142857,"มีระเบียบ"
"student48","มัธยมศึกษาปีที่ 4",0.835304761904762,"เป็นผู้รับใช้และใช้คน"
"student48","มัธยมศึกษาปีที่ 4",0.726909523809524,"เป็นผู้กล้าหาญ"
"student48","มัธยมศึกษาปีที่ 4",0.9162333333333336,"กล้าเสียสละเพื่อประโยชน์ส่วนรวม"
"student48","มัธยมศึกษาปีที่ 4",0.749301587301587,"รู้จักรักษาหมู่รักษาคณะ"
"student48","มัธยมศึกษาปีที่ 4",0.8910698412698415,"มีสติปัญญาความรู้"
"student48","มัธยมศึกษาปีที่ 4",0.9184896825396826,"รู้จักตรากตรำ"
"student48","มัธยมศึกษาปีที่ 4",0.8140904761904763,"รักเกียรติ และรักชื่อเสียงวงศ์ตระกูล"
"student48","มัธยมศึกษาปีที่ 4",0.8539555555555556,"ไม่สำรวยหยิบโหย่ง"
"student33","มัธยมศึกษาปีที่ 4",-0.7340444444444444,"ศีลธรรม"
"student33","มัธยมศึกษาปีที่ 4",0.8925404761904762,"ไม่เหยียดหยาม"
"student33","มัธยมศึกษาปีที่ 4",0.8409420634920634,"ไม่ทำตนเป็นคนถือยศศักดิ์"
"student33","มัธยมศึกษาปีที่ 4",-0.04631111111111119,"มีระเบียบ"
"student33","มัธยมศึกษาปีที่ 4",0.7964619047619047,"เป็นผู้รับใช้และใช้คน"
"student33","มัธยมศึกษาปีที่ 4",-1,"เป็นผู้กล้าหาญ"
"student33","มัธยมศึกษาปีที่ 4",0.6860888888888887,"กล้าเสียสละเพื่อประโยชน์ส่วนรวม"
"student33","มัธยมศึกษาปีที่ 4",0.6158634920634922,"รู้จักรักษาหมู่รักษาคณะ"
"student33","มัธยมศึกษาปีที่ 4",0.6301142857142855,"มีสติปัญญาความรู้"
"student33","มัธยมศึกษาปีที่ 4",0.7381642857142856,"รู้จักตรากตรำ"
"student33","มัธยมศึกษาปีที่ 4",0.877615873015873,"รักเกียรติ และรักชื่อเสียงวงศ์ตระกูล"
"student33","มัธยมศึกษาปีที่ 4",0.7313325396825398,"ไม่สำรวยหยิบโหย่ง"
"student3","มัธยมศึกษาปีที่ 5",-0.00277539682539673,"ศีลธรรม"
"student3","มัธยมศึกษาปีที่ 5",0.8419380952380952,"ไม่เหยียดหยาม"
"student3","มัธยมศึกษาปีที่ 5",0.8541039682539683,"ไม่ทำตนเป็นคนถือยศศักดิ์"
"student3","มัธยมศึกษาปีที่ 5",0.7810730158730157,"มีระเบียบ"
"student3","มัธยมศึกษาปีที่ 5",0.8355666666666665,"เป็นผู้รับใช้และใช้คน"
"student3","มัธยมศึกษาปีที่ 5",0.36283968253968246,"เป็นผู้กล้าหาญ"
"student3","มัธยมศึกษาปีที่ 5",-0.12516984126984143,"กล้าเสียสละเพื่อประโยชน์ส่วนรวม"
"student3","มัธยมศึกษาปีที่ 5",0.8327547619047619,"รู้จักรักษาหมู่รักษาคณะ"
"student3","มัธยมศึกษาปีที่ 5",0.8160650793650792,"มีสติปัญญาความรู้"
"student3","มัธยมศึกษาปีที่ 5",0.8876031746031746,"รู้จักตรากตรำ"
"student3","มัธยมศึกษาปีที่ 5",0.8542492063492064,"รักเกียรติ และรักชื่อเสียงวงศ์ตระกูล"
"student3","มัธยมศึกษาปีที่ 5",0.7800134920634921,"ไม่สำรวยหยิบโหย่ง"
"student27","มัธยมศึกษาปีที่ 4",0.8925722222222223,"ไม่เหยียดหยาม"
"student27","มัธยมศึกษาปีที่ 4",0.9329444444444444,"ไม่ทำตนเป็นคนถือยศศักดิ์"
"student27","มัธยมศึกษาปีที่ 4",0.8192238095238096,"มีระเบียบ"
"student27","มัธยมศึกษาปีที่ 4",0.9161444444444444,"เป็นผู้รับใช้และใช้คน"
"student27","มัธยมศึกษาปีที่ 4",0.9106888888888888,"เป็นผู้กล้าหาญ"
"student27","มัธยมศึกษาปีที่ 4",0.8547920634920636,"กล้าเสียสละเพื่อประโยชน์ส่วนรวม"
"student27","มัธยมศึกษาปีที่ 4",0.7328523809523807,"รู้จักรักษาหมู่รักษาคณะ"
"student27","มัธยมศึกษาปีที่ 4",0.7736841269841271,"มีสติปัญญาความรู้"
"student27","มัธยมศึกษาปีที่ 4",0.9220301587301588,"รู้จักตรากตรำ"
"student27","มัธยมศึกษาปีที่ 4",0.6712531746031744,"รักเกียรติ และรักชื่อเสียงวงศ์ตระกูล"
"student27","มัธยมศึกษาปีที่ 4",0.8758333333333332,"ไม่สำรวยหยิบโหย่ง"
"student58","มัธยมศึกษาปีที่ 4",0.8506349206349203,"ศีลธรรม"
"student58","มัธยมศึกษาปีที่ 4",0.9226968253968254,"ไม่เหยียดหยาม"
"student58","มัธยมศึกษาปีที่ 4",0.9073095238095238,"ไม่ทำตนเป็นคนถือยศศักดิ์"
"student58","มัธยมศึกษาปีที่ 4",0.7920571428571427,"มีระเบียบ"
"student58","มัธยมศึกษาปีที่ 4",0.8183063492063494,"เป็นผู้รับใช้และใช้คน"
"student58","มัธยมศึกษาปีที่ 4",0.8331357142857142,"เป็นผู้กล้าหาญ"
"student58","มัธยมศึกษาปีที่ 4",0.7184428571428572,"กล้าเสียสละเพื่อประโยชน์ส่วนรวม"
"student58","มัธยมศึกษาปีที่ 4",0.9222619047619048,"รู้จักรักษาหมู่รักษาคณะ"
"student58","มัธยมศึกษาปีที่ 4",0.8256587301587301,"มีสติปัญญาความรู้"
"student58","มัธยมศึกษาปีที่ 4",0.8724396825396825,"รู้จักตรากตรำ"
"student58","มัธยมศึกษาปีที่ 4",0.8448817460317463,"รักเกียรติ และรักชื่อเสียงวงศ์ตระกูล"
"student58","มัธยมศึกษาปีที่ 4",0.7495079365079365,"ไม่สำรวยหยิบโหย่ง"
"student34","มัธยมศึกษาปีที่ 4",-0.81564126984127,"ศีลธรรม"
"student34","มัธยมศึกษาปีที่ 4",0.7601079365079365,"ไม่เหยียดหยาม"
"student34","มัธยมศึกษาปีที่ 4",0.9011936507936508,"ไม่ทำตนเป็นคนถือยศศักดิ์"
"student34","มัธยมศึกษาปีที่ 4",0.8814966777111439,"มีระเบียบ"
"student34","มัธยมศึกษาปีที่ 4",0.9351587301587302,"เป็นผู้รับใช้และใช้คน"
"student34","มัธยมศึกษาปีที่ 4",-0.6622984126984128,"เป็นผู้กล้าหาญ"
"student34","มัธยมศึกษาปีที่ 4",-0.5920317460317461,"กล้าเสียสละเพื่อประโยชน์ส่วนรวม"
"student34","มัธยมศึกษาปีที่ 4",0.821157142857143,"รู้จักรักษาหมู่รักษาคณะ"
"student34","มัธยมศึกษาปีที่ 4",0.868311111111111,"มีสติปัญญาความรู้"
"student34","มัธยมศึกษาปีที่ 4",0.6823333333333333,"รู้จักตรากตรำ"
"student34","มัธยมศึกษาปีที่ 4",0.8175444444444444,"ไม่สำรวยหยิบโหย่ง"
"student2","มัธยมศึกษาปีที่ 4",0.8306611111111111,"ศีลธรรม"
"student2","มัธยมศึกษาปีที่ 4",0.8342341269841269,"ไม่เหยียดหยาม"
"student2","มัธยมศึกษาปีที่ 4",0.9363555555555554,"ไม่ทำตนเป็นคนถือยศศักดิ์"
"student2","มัธยมศึกษาปีที่ 4",0.8129103174603176,"มีระเบียบ"
"student2","มัธยมศึกษาปีที่ 4",0.415192857142857,"เป็นผู้รับใช้และใช้คน"
"student2","มัธยมศึกษาปีที่ 4",0.7712912698412702,"เป็นผู้กล้าหาญ"
"student2","มัธยมศึกษาปีที่ 4",0.7271793650793652,"กล้าเสียสละเพื่อประโยชน์ส่วนรวม"
"student2","มัธยมศึกษาปีที่ 4",0.5404626984126983,"รู้จักรักษาหมู่รักษาคณะ"
"student2","มัธยมศึกษาปีที่ 4",0.8803714285714288,"มีสติปัญญาความรู้"
"student2","มัธยมศึกษาปีที่ 4",0.7852412698412697,"รู้จักตรากตรำ"
"student2","มัธยมศึกษาปีที่ 4",0.8635444444444443,"รักเกียรติ และรักชื่อเสียงวงศ์ตระกูล"
"student2","มัธยมศึกษาปีที่ 4",0.04858968253968254,"ไม่สำรวยหยิบโหย่ง"
"student64","มัธยมศึกษาปีที่ 3",0.7844142857142856,"ศีลธรรม"
"student64","มัธยมศึกษาปีที่ 3",0.8160412698412697,"ไม่เหยียดหยาม"
"student64","มัธยมศึกษาปีที่ 3",0.7821865079365079,"ไม่ทำตนเป็นคนถือยศศักดิ์"
"student64","มัธยมศึกษาปีที่ 3",0.7845396825396826,"มีระเบียบ"
"student64","มัธยมศึกษาปีที่ 3",0.8097523809523808,"เป็นผู้รับใช้และใช้คน"
"student64","มัธยมศึกษาปีที่ 3",0.8260111111111111,"เป็นผู้กล้าหาญ"
"student64","มัธยมศึกษาปีที่ 3",0.9366190476190476,"กล้าเสียสละเพื่อประโยชน์ส่วนรวม"
"student64","มัธยมศึกษาปีที่ 3",0.7112206349206347,"รู้จักรักษาหมู่รักษาคณะ"
"student64","มัธยมศึกษาปีที่ 3",0.8809349206349205,"มีสติปัญญาความรู้"
"student64","มัธยมศึกษาปีที่ 3",0.939223015873016,"รู้จักตรากตรำ"
"student64","มัธยมศึกษาปีที่ 3",0.8979642857142855,"รักเกียรติ และรักชื่อเสียงวงศ์ตระกูล"
"student64","มัธยมศึกษาปีที่ 3",0.7578341269841271,"ไม่สำรวยหยิบโหย่ง"
"student43","มัธยมศึกษาปีที่ 3",-0.07873174603174604,"ศีลธรรม"
"student43","มัธยมศึกษาปีที่ 3",-0.20076190476190436,"ไม่เหยียดหยาม"
"student43","มัธยมศึกษาปีที่ 3",0.7073698412698415,"ไม่ทำตนเป็นคนถือยศศักดิ์"
"student43","มัธยมศึกษาปีที่ 3",0.7167682539682538,"มีระเบียบ"
"student43","มัธยมศึกษาปีที่ 3",0.8015603174603174,"เป็นผู้รับใช้และใช้คน"
"student43","มัธยมศึกษาปีที่ 3",0.705557142857143,"เป็นผู้กล้าหาญ"
"student43","มัธยมศึกษาปีที่ 3",-0.5434047619047621,"กล้าเสียสละเพื่อประโยชน์ส่วนรวม"
"student43","มัธยมศึกษาปีที่ 3",0.8086285714285714,"รู้จักรักษาหมู่รักษาคณะ"
"student43","มัธยมศึกษาปีที่ 3",0.8202809523809524,"มีสติปัญญาความรู้"
"student43","มัธยมศึกษาปีที่ 3",0.8783531746031746,"รู้จักตรากตรำ"
"student43","มัธยมศึกษาปีที่ 3",-0.8719603174603175,"รักเกียรติ และรักชื่อเสียงวงศ์ตระกูล"
"student43","มัธยมศึกษาปีที่ 3",0.7908984126984127,"ไม่สำรวยหยิบโหย่ง"
"student66","มัธยมศึกษาปีที่ 3",-0.5568484126984127,"ศีลธรรม"
"student66","มัธยมศึกษาปีที่ 3",0.9110809523809524,"ไม่เหยียดหยาม"
"student66","มัธยมศึกษาปีที่ 3",0.8770317460317458,"ไม่ทำตนเป็นคนถือยศศักดิ์"
"student66","มัธยมศึกษาปีที่ 3",0.7368428571428571,"มีระเบียบ"
"student66","มัธยมศึกษาปีที่ 3",0.33712301587301596,"เป็นผู้รับใช้และใช้คน"
"student66","มัธยมศึกษาปีที่ 3",0.8195444444444444,"เป็นผู้กล้าหาญ"
"student66","มัธยมศึกษาปีที่ 3",0.929,"กล้าเสียสละเพื่อประโยชน์ส่วนรวม"
"student66","มัธยมศึกษาปีที่ 3",0.1147269841269839,"รู้จักรักษาหมู่รักษาคณะ"
"student66","มัธยมศึกษาปีที่ 3",0.5877460317460316,"มีสติปัญญาความรู้"
"student66","มัธยมศึกษาปีที่ 3",-0.11368174603174652,"รู้จักตรากตรำ"
"student66","มัธยมศึกษาปีที่ 3",0.5944047619047619,"รักเกียรติ และรักชื่อเสียงวงศ์ตระกูล"
"student66","มัธยมศึกษาปีที่ 3",0.7418682539682538,"ไม่สำรวยหยิบโหย่ง"
"student63","มัธยมศึกษาปีที่ 3",-0.02703809523809519,"ศีลธรรม"
"student63","มัธยมศึกษาปีที่ 3",0.8998396825396825,"ไม่เหยียดหยาม"
"student63","มัธยมศึกษาปีที่ 3",0.8922285714285716,"ไม่ทำตนเป็นคนถือยศศักดิ์"
"student63","มัธยมศึกษาปีที่ 3",0.10232063492063492,"มีระเบียบ"
"student63","มัธยมศึกษาปีที่ 3",0.8306841269841271,"เป็นผู้รับใช้และใช้คน"
"student63","มัธยมศึกษาปีที่ 3",0.6538976190476191,"เป็นผู้กล้าหาญ"
"student63","มัธยมศึกษาปีที่ 3",0.7377777777777775,"รู้จักรักษาหมู่รักษาคณะ"
"student63","มัธยมศึกษาปีที่ 3",0.8439976190476193,"มีสติปัญญาความรู้"
"student63","มัธยมศึกษาปีที่ 3",0.9742285714285712,"รู้จักตรากตรำ"
"student63","มัธยมศึกษาปีที่ 3",0.8305253968253967,"รักเกียรติ และรักชื่อเสียงวงศ์ตระกูล"
"student63","มัธยมศึกษาปีที่ 3",0.06712301587301561,"ไม่สำรวยหยิบโหย่ง"
"student49","มัธยมศึกษาปีที่ 3",1,"ศีลธรรม"
"student49","มัธยมศึกษาปีที่ 3",0.8856222222222222,"ไม่เหยียดหยาม"
"student49","มัธยมศึกษาปีที่ 3",0.8965317460317462,"ไม่ทำตนเป็นคนถือยศศักดิ์"
"student49","มัธยมศึกษาปีที่ 3",0.8422698412698413,"มีระเบียบ"
"student49","มัธยมศึกษาปีที่ 3",-0.7651952380952379,"เป็นผู้รับใช้และใช้คน"
"student49","มัธยมศึกษาปีที่ 3",-0.6665000000000001,"เป็นผู้กล้าหาญ"
"student49","มัธยมศึกษาปีที่ 3",0.7781301587301586,"กล้าเสียสละเพื่อประโยชน์ส่วนรวม"
"student49","มัธยมศึกษาปีที่ 3",0.2526650793650796,"รู้จักรักษาหมู่รักษาคณะ"
"student49","มัธยมศึกษาปีที่ 3",0.6661698412698411,"มีสติปัญญาความรู้"
"student49","มัธยมศึกษาปีที่ 3",0.8892380952380952,"รู้จักตรากตรำ"
"student49","มัธยมศึกษาปีที่ 3",0.9727619047619046,"รักเกียรติ และรักชื่อเสียงวงศ์ตระกูล"
"student49","มัธยมศึกษาปีที่ 3",0.9279142857142856,"ไม่สำรวยหยิบโหย่ง"
"student52","มัธยมศึกษาปีที่ 3",-0.8352365079365079,"ศีลธรรม"
"student52","มัธยมศึกษาปีที่ 3",0.8465949494949496,"ไม่เหยียดหยาม"
"student52","มัธยมศึกษาปีที่ 3",0.8581349206349206,"ไม่ทำตนเป็นคนถือยศศักดิ์"
"student52","มัธยมศึกษาปีที่ 3",0.8942142857142857,"มีระเบียบ"
"student52","มัธยมศึกษาปีที่ 3",0.8085793650793653,"เป็นผู้รับใช้และใช้คน"
"student52","มัธยมศึกษาปีที่ 3",0.8814690476190477,"เป็นผู้กล้าหาญ"
"student52","มัธยมศึกษาปีที่ 3",0.9594095238095238,"กล้าเสียสละเพื่อประโยชน์ส่วนรวม"
"student52","มัธยมศึกษาปีที่ 3",0.6232174603174602,"รู้จักรักษาหมู่รักษาคณะ"
"student52","มัธยมศึกษาปีที่ 3",0.7763103174603175,"มีสติปัญญาความรู้"
"student52","มัธยมศึกษาปีที่ 3",0.9467706349206348,"รู้จักตรากตรำ"
"student52","มัธยมศึกษาปีที่ 3",0.7871460317460317,"รักเกียรติ และรักชื่อเสียงวงศ์ตระกูล"
"student52","มัธยมศึกษาปีที่ 3",0.741223015873016,"ไม่สำรวยหยิบโหย่ง"
"student36","มัธยมศึกษาปีที่ 3",0.511579365079365,"ศีลธรรม"
"student36","มัธยมศึกษาปีที่ 3",0.857847619047619,"ไม่เหยียดหยาม"
"student36","มัธยมศึกษาปีที่ 3",0.9420476190476192,"ไม่ทำตนเป็นคนถือยศศักดิ์"
"student36","มัธยมศึกษาปีที่ 3",0.8056769841269842,"มีระเบียบ"
"student36","มัธยมศึกษาปีที่ 3",0.895702380952381,"เป็นผู้รับใช้และใช้คน"
"student36","มัธยมศึกษาปีที่ 3",0.8925126984126983,"เป็นผู้กล้าหาญ"
"student36","มัธยมศึกษาปีที่ 3",-0.9023071428571428,"กล้าเสียสละเพื่อประโยชน์ส่วนรวม"
"student36","มัธยมศึกษาปีที่ 3",0.8558523809523809,"รู้จักรักษาหมู่รักษาคณะ"
"student36","มัธยมศึกษาปีที่ 3",0.7701809523809524,"มีสติปัญญาความรู้"
"student36","มัธยมศึกษาปีที่ 3",0.93335,"รู้จักตรากตรำ"
"student36","มัธยมศึกษาปีที่ 3",0.9635666666666666,"รักเกียรติ และรักชื่อเสียงวงศ์ตระกูล"
"student36","มัธยมศึกษาปีที่ 3",0.912275396825397,"ไม่สำรวยหยิบโหย่ง"
"student16","มัธยมศึกษาปีที่ 2",1,"ศีลธรรม"
"student16","มัธยมศึกษาปีที่ 2",0.9996,"ไม่เหยียดหยาม"
"student16","มัธยมศึกษาปีที่ 2",0.9155492063492064,"ไม่ทำตนเป็นคนถือยศศักดิ์"
"student16","มัธยมศึกษาปีที่ 2",1,"มีระเบียบ"
"student16","มัธยมศึกษาปีที่ 2",0.10006666666666658,"เป็นผู้รับใช้และใช้คน"
"student16","มัธยมศึกษาปีที่ 2",0.8602841269841272,"เป็นผู้กล้าหาญ"
"student16","มัธยมศึกษาปีที่ 2",-0.820731746031746,"กล้าเสียสละเพื่อประโยชน์ส่วนรวม"
"student16","มัธยมศึกษาปีที่ 2",1,"รู้จักรักษาหมู่รักษาคณะ"
"student16","มัธยมศึกษาปีที่ 2",0.7491698412698414,"มีสติปัญญาความรู้"
"student16","มัธยมศึกษาปีที่ 2",0.9700888888888888,"รู้จักตรากตรำ"
"student16","มัธยมศึกษาปีที่ 2",0.7335888888888887,"รักเกียรติ และรักชื่อเสียงวงศ์ตระกูล"
"student16","มัธยมศึกษาปีที่ 2",0.8616682539682542,"ไม่สำรวยหยิบโหย่ง"
"student24","มัธยมศึกษาปีที่ 2",0.9484809523809524,"ไม่เหยียดหยาม"
"student24","มัธยมศึกษาปีที่ 2",0.7852841269841269,"ไม่ทำตนเป็นคนถือยศศักดิ์"
"student24","มัธยมศึกษาปีที่ 2",0.722647619047619,"มีระเบียบ"
"student24","มัธยมศึกษาปีที่ 2",0.04133888888888903,"เป็นผู้รับใช้และใช้คน"
"student24","มัธยมศึกษาปีที่ 2",1,"เป็นผู้กล้าหาญ"
"student24","มัธยมศึกษาปีที่ 2",0.6673984126984127,"กล้าเสียสละเพื่อประโยชน์ส่วนรวม"
"student24","มัธยมศึกษาปีที่ 2",0.843326984126984,"รู้จักรักษาหมู่รักษาคณะ"
"student24","มัธยมศึกษาปีที่ 2",0.9379142857142856,"มีสติปัญญาความรู้"
"student24","มัธยมศึกษาปีที่ 2",0.9055555555555554,"รู้จักตรากตรำ"
"student24","มัธยมศึกษาปีที่ 2",0.6215476190476189,"รักเกียรติ และรักชื่อเสียงวงศ์ตระกูล"
"student24","มัธยมศึกษาปีที่ 2",0.9508571428571428,"ไม่สำรวยหยิบโหย่ง"
"student9","มัธยมศึกษาปีที่ 3",-0.8320999999999998,"ศีลธรรม"
"student9","มัธยมศึกษาปีที่ 3",-0.64540873015873,"มีระเบียบ"
"student9","มัธยมศึกษาปีที่ 3",0.8367896825396823,"เป็นผู้รับใช้และใช้คน"
"student9","มัธยมศึกษาปีที่ 3",0.8707761904761904,"เป็นผู้กล้าหาญ"
"student9","มัธยมศึกษาปีที่ 3",0.7416269841269841,"กล้าเสียสละเพื่อประโยชน์ส่วนรวม"
"student9","มัธยมศึกษาปีที่ 3",-0.43591428571428575,"มีสติปัญญาความรู้"
"student9","มัธยมศึกษาปีที่ 3",0.904259523809524,"รู้จักตรากตรำ"
"student9","มัธยมศึกษาปีที่ 3",0.6489412698412699,"รักเกียรติ และรักชื่อเสียงวงศ์ตระกูล"
"student9","มัธยมศึกษาปีที่ 3",-0.28059603174603187,"ไม่สำรวยหยิบโหย่ง"
"student12","มัธยมศึกษาปีที่ 2",-0.8728031746031749,"ศีลธรรม"
"student12","มัธยมศึกษาปีที่ 2",0.938968253968254,"ไม่เหยียดหยาม"
"student12","มัธยมศึกษาปีที่ 2",0.8021952380952382,"ไม่ทำตนเป็นคนถือยศศักดิ์"
"student12","มัธยมศึกษาปีที่ 2",0.9366603174603176,"มีระเบียบ"
"student12","มัธยมศึกษาปีที่ 2",0.7471039682539682,"เป็นผู้รับใช้และใช้คน"
"student12","มัธยมศึกษาปีที่ 2",-0.06007777777777778,"เป็นผู้กล้าหาญ"
"student12","มัธยมศึกษาปีที่ 2",-0.8809777777777777,"กล้าเสียสละเพื่อประโยชน์ส่วนรวม"
"student12","มัธยมศึกษาปีที่ 2",0.15606984126984136,"รู้จักรักษาหมู่รักษาคณะ"
"student12","มัธยมศึกษาปีที่ 2",-0.8459714285714285,"มีสติปัญญาความรู้"
"student12","มัธยมศึกษาปีที่ 2",-0.763855555555556,"รักเกียรติ และรักชื่อเสียงวงศ์ตระกูล"
"student12","มัธยมศึกษาปีที่ 2",0.9303714285714284,"ไม่สำรวยหยิบโหย่ง"
"student61","มัธยมศึกษาปีที่ 2",-0.6512817460317457,"ศีลธรรม"
"student61","มัธยมศึกษาปีที่ 2",-0.8446365079365079,"ไม่เหยียดหยาม"
"student61","มัธยมศึกษาปีที่ 2",-0.7044730158730159,"ไม่ทำตนเป็นคนถือยศศักดิ์"
"student61","มัธยมศึกษาปีที่ 2",0.7547174603174602,"มีระเบียบ"
"student61","มัธยมศึกษาปีที่ 2",0.9056444444444444,"เป็นผู้รับใช้และใช้คน"
"student61","มัธยมศึกษาปีที่ 2",0.7878523809523809,"เป็นผู้กล้าหาญ"
"student61","มัธยมศึกษาปีที่ 2",0.802357142857143,"กล้าเสียสละเพื่อประโยชน์ส่วนรวม"
"student61","มัธยมศึกษาปีที่ 2",0.569938095238095,"รู้จักรักษาหมู่รักษาคณะ"
"student61","มัธยมศึกษาปีที่ 2",-0.902522222222222,"มีสติปัญญาความรู้"
"student61","มัธยมศึกษาปีที่ 2",0.8829666666666667,"รู้จักตรากตรำ"
"student61","มัธยมศึกษาปีที่ 2",0.7344920634920635,"รักเกียรติ และรักชื่อเสียงวงศ์ตระกูล"
"student1","มัธยมศึกษาปีที่ 2",0.957276984126984,"ศีลธรรม"
"student1","มัธยมศึกษาปีที่ 2",0.8435880952380952,"ไม่เหยียดหยาม"
"student1","มัธยมศึกษาปีที่ 2",0.9048650793650792,"ไม่ทำตนเป็นคนถือยศศักดิ์"
"student1","มัธยมศึกษาปีที่ 2",-0.02110079365079364,"มีระเบียบ"
"student1","มัธยมศึกษาปีที่ 2",0.8227158730158729,"เป็นผู้รับใช้และใช้คน"
"student1","มัธยมศึกษาปีที่ 2",0.7647031746031745,"เป็นผู้กล้าหาญ"
"student1","มัธยมศึกษาปีที่ 2",0.9431333333333332,"กล้าเสียสละเพื่อประโยชน์ส่วนรวม"
"student1","มัธยมศึกษาปีที่ 2",0.7837317460317458,"รู้จักรักษาหมู่รักษาคณะ"
"student1","มัธยมศึกษาปีที่ 2",0.8335380952380953,"มีสติปัญญาความรู้"
"student1","มัธยมศึกษาปีที่ 2",0.8905690476190475,"รู้จักตรากตรำ"
"student1","มัธยมศึกษาปีที่ 2",0.7631396825396823,"รักเกียรติ และรักชื่อเสียงวงศ์ตระกูล"
"student1","มัธยมศึกษาปีที่ 2",0.9217357142857144,"ไม่สำรวยหยิบโหย่ง"
"student28","มัธยมศึกษาปีที่ 2",0.701701587301587,"ศีลธรรม"
"student28","มัธยมศึกษาปีที่ 2",0.9771952380952382,"ไม่เหยียดหยาม"
"student28","มัธยมศึกษาปีที่ 2",0.8040190476190476,"ไม่ทำตนเป็นคนถือยศศักดิ์"
"student28","มัธยมศึกษาปีที่ 2",0.8641047619047618,"มีระเบียบ"
"student28","มัธยมศึกษาปีที่ 2",0.823193650793651,"เป็นผู้รับใช้และใช้คน"
"student28","มัธยมศึกษาปีที่ 2",0.8650174603174602,"เป็นผู้กล้าหาญ"
"student28","มัธยมศึกษาปีที่ 2",0.8005396825396824,"กล้าเสียสละเพื่อประโยชน์ส่วนรวม"
"student28","มัธยมศึกษาปีที่ 2",0.8617928571428572,"รู้จักรักษาหมู่รักษาคณะ"
"student28","มัธยมศึกษาปีที่ 2",0.9244111111111112,"มีสติปัญญาความรู้"
"student28","มัธยมศึกษาปีที่ 2",0.9095333333333334,"รู้จักตรากตรำ"
"student28","มัธยมศึกษาปีที่ 2",0.8535730158730159,"รักเกียรติ และรักชื่อเสียงวงศ์ตระกูล"
"student28","มัธยมศึกษาปีที่ 2",0.7788055555555556,"ไม่สำรวยหยิบโหย่ง"
"student25","มัธยมศึกษาปีที่ 2",-0.7575079365079365,"ศีลธรรม"
"student25","มัธยมศึกษาปีที่ 2",-0.8586380952380952,"ไม่เหยียดหยาม"
"student25","มัธยมศึกษาปีที่ 2",0.797331746031746,"ไม่ทำตนเป็นคนถือยศศักดิ์"
"student25","มัธยมศึกษาปีที่ 2",1,"มีระเบียบ"
"student25","มัธยมศึกษาปีที่ 2",0.6743396825396826,"เป็นผู้รับใช้และใช้คน"
"student25","มัธยมศึกษาปีที่ 2",0.7182015873015872,"เป็นผู้กล้าหาญ"
"student25","มัธยมศึกษาปีที่ 2",0.4012603174603177,"กล้าเสียสละเพื่อประโยชน์ส่วนรวม"
"student25","มัธยมศึกษาปีที่ 2",0.6791873015873016,"รู้จักรักษาหมู่รักษาคณะ"
"student25","มัธยมศึกษาปีที่ 2",0.7099444444444444,"มีสติปัญญาความรู้"
"student25","มัธยมศึกษาปีที่ 2",0.9427619047619048,"รู้จักตรากตรำ"
"student25","มัธยมศึกษาปีที่ 2",0.7191777777777775,"รักเกียรติ และรักชื่อเสียงวงศ์ตระกูล"
"student25","มัธยมศึกษาปีที่ 2",0.984,"ไม่สำรวยหยิบโหย่ง"
"student51","มัธยมศึกษาปีที่ 2",0.7855563492063494,"ไม่เหยียดหยาม"
"student51","มัธยมศึกษาปีที่ 2",0.8932666666666667,"มีระเบียบ"
"student51","มัธยมศึกษาปีที่ 2",0.8213126984126982,"เป็นผู้รับใช้และใช้คน"
"student51","มัธยมศึกษาปีที่ 2",0.4648396825396824,"เป็นผู้กล้าหาญ"
"student51","มัธยมศึกษาปีที่ 2",-0.9555063492063488,"กล้าเสียสละเพื่อประโยชน์ส่วนรวม"
"student51","มัธยมศึกษาปีที่ 2",0.03996111111111122,"รู้จักรักษาหมู่รักษาคณะ"
"student51","มัธยมศึกษาปีที่ 2",0.8851444444444443,"มีสติปัญญาความรู้"
"student51","มัธยมศึกษาปีที่ 2",0.9118936507936508,"รู้จักตรากตรำ"
"student51","มัธยมศึกษาปีที่ 2",0.8540095238095239,"รักเกียรติ และรักชื่อเสียงวงศ์ตระกูล"
"student51","มัธยมศึกษาปีที่ 2",0.7383785714285716,"ไม่สำรวยหยิบโหย่ง"
"student23","มัธยมศึกษาปีที่ 2",0.6908714285714286,"ศีลธรรม"
"student23","มัธยมศึกษาปีที่ 2",0.9676111111111112,"ไม่เหยียดหยาม"
"student23","มัธยมศึกษาปีที่ 2",0.8824126984126983,"ไม่ทำตนเป็นคนถือยศศักดิ์"
"student23","มัธยมศึกษาปีที่ 2",0.7676119047619046,"มีระเบียบ"
"student23","มัธยมศึกษาปีที่ 2",0.6825015873015874,"เป็นผู้รับใช้และใช้คน"
"student23","มัธยมศึกษาปีที่ 2",0.8642412698412699,"เป็นผู้กล้าหาญ"
"student23","มัธยมศึกษาปีที่ 2",0.9618666666666668,"กล้าเสียสละเพื่อประโยชน์ส่วนรวม"
"student23","มัธยมศึกษาปีที่ 2",0.752274603174603,"รู้จักรักษาหมู่รักษาคณะ"
"student23","มัธยมศึกษาปีที่ 2",0.8744761904761904,"มีสติปัญญาความรู้"
"student23","มัธยมศึกษาปีที่ 2",0.9791333333333336,"รู้จักตรากตรำ"
"student23","มัธยมศึกษาปีที่ 2",0.8462619047619049,"รักเกียรติ และรักชื่อเสียงวงศ์ตระกูล"
"student23","มัธยมศึกษาปีที่ 2",0.9299825396825396,"ไม่สำรวยหยิบโหย่ง"
"student26","มัธยมศึกษาปีที่ 2",0.7455603174603174,"ศีลธรรม"
"student26","มัธยมศึกษาปีที่ 2",0.7371460317460315,"ไม่เหยียดหยาม"
"student26","มัธยมศึกษาปีที่ 2",0.7458458247066941,"มีระเบียบ"
"student26","มัธยมศึกษาปีที่ 2",0.7985317460317461,"เป็นผู้รับใช้และใช้คน"
"student26","มัธยมศึกษาปีที่ 2",0.7863984126984126,"เป็นผู้กล้าหาญ"
"student26","มัธยมศึกษาปีที่ 2",0.9882761904761904,"กล้าเสียสละเพื่อประโยชน์ส่วนรวม"
"student26","มัธยมศึกษาปีที่ 2",0.962815873015873,"รู้จักรักษาหมู่รักษาคณะ"
"student26","มัธยมศึกษาปีที่ 2",0.8850873015873015,"มีสติปัญญาความรู้"
"student26","มัธยมศึกษาปีที่ 2",0.8704380952380952,"รู้จักตรากตรำ"
"student26","มัธยมศึกษาปีที่ 2",0.7509746031746031,"รักเกียรติ และรักชื่อเสียงวงศ์ตระกูล"
"student26","มัธยมศึกษาปีที่ 2",0.8900285714285715,"ไม่สำรวยหยิบโหย่ง"
"student57","มัธยมศึกษาปีที่ 2",0.9370111111111112,"ศีลธรรม"
"student57","มัธยมศึกษาปีที่ 2",0.9413238095238096,"ไม่เหยียดหยาม"
"student57","มัธยมศึกษาปีที่ 2",0.8187634920634921,"ไม่ทำตนเป็นคนถือยศศักดิ์"
"student57","มัธยมศึกษาปีที่ 2",0.8967190476190474,"มีระเบียบ"
"student57","มัธยมศึกษาปีที่ 2",0.8992142857142856,"เป็นผู้รับใช้และใช้คน"
"student57","มัธยมศึกษาปีที่ 2",0.6930833333333333,"เป็นผู้กล้าหาญ"
"student57","มัธยมศึกษาปีที่ 2",0.8752523809523809,"กล้าเสียสละเพื่อประโยชน์ส่วนรวม"
"student57","มัธยมศึกษาปีที่ 2",0.9160952380952382,"รู้จักรักษาหมู่รักษาคณะ"
"student57","มัธยมศึกษาปีที่ 2",0.7540817460317459,"มีสติปัญญาความรู้"
"student57","มัธยมศึกษาปีที่ 2",0.906022222222222,"รู้จักตรากตรำ"
"student57","มัธยมศึกษาปีที่ 2",0.9256174603174602,"รักเกียรติ และรักชื่อเสียงวงศ์ตระกูล"
"student57","มัธยมศึกษาปีที่ 2",0.6335904761904763,"ไม่สำรวยหยิบโหย่ง"
"student18","มัธยมศึกษาปีที่ 4",0.823042857142857,"ไม่เหยียดหยาม"
"student18","มัธยมศึกษาปีที่ 4",0.9822825396825394,"ไม่ทำตนเป็นคนถือยศศักดิ์"
"student18","มัธยมศึกษาปีที่ 4",0.699815873015873,"มีระเบียบ"
"student18","มัธยมศึกษาปีที่ 4",-0.0925031746031747,"เป็นผู้รับใช้และใช้คน"
"student18","มัธยมศึกษาปีที่ 4",0.9001269841269841,"เป็นผู้กล้าหาญ"
"student18","มัธยมศึกษาปีที่ 4",1,"กล้าเสียสละเพื่อประโยชน์ส่วนรวม"
"student18","มัธยมศึกษาปีที่ 4",-0.8902428571428571,"รู้จักรักษาหมู่รักษาคณะ"
"student18","มัธยมศึกษาปีที่ 4",0.9386650793650791,"มีสติปัญญาความรู้"
"student18","มัธยมศึกษาปีที่ 4",0.9213746031746032,"รู้จักตรากตรำ"
"student18","มัธยมศึกษาปีที่ 4",0.8617380952380953,"รักเกียรติ และรักชื่อเสียงวงศ์ตระกูล"
"student18","มัธยมศึกษาปีที่ 4",0.9827857142857144,"ไม่สำรวยหยิบโหย่ง"
"student30","มัธยมศึกษาปีที่ 2",0.996,"ศีลธรรม"
"student30","มัธยมศึกษาปีที่ 2",0.9986666666666668,"ไม่เหยียดหยาม"
"student30","มัธยมศึกษาปีที่ 2",-0.7524857142857144,"เป็นผู้รับใช้และใช้คน"
"student30","มัธยมศึกษาปีที่ 2",0.8776658730158732,"เป็นผู้กล้าหาญ"
"student30","มัธยมศึกษาปีที่ 2",0.626247619047619,"กล้าเสียสละเพื่อประโยชน์ส่วนรวม"
"student30","มัธยมศึกษาปีที่ 2",0.754620634920635,"รู้จักรักษาหมู่รักษาคณะ"
"student30","มัธยมศึกษาปีที่ 2",-0.7254730158730158,"มีสติปัญญาความรู้"
"student30","มัธยมศึกษาปีที่ 2",-0.8769936507936507,"รู้จักตรากตรำ"
"student30","มัธยมศึกษาปีที่ 2",-0.7588317460317462,"รักเกียรติ และรักชื่อเสียงวงศ์ตระกูล"
"student30","มัธยมศึกษาปีที่ 2",-0.8566682539682537,"ไม่สำรวยหยิบโหย่ง"
"student40","มัธยมศึกษาปีที่ 1",0.7854380952380954,"ศีลธรรม"
"student40","มัธยมศึกษาปีที่ 1",0.935026984126984,"ไม่เหยียดหยาม"
"student40","มัธยมศึกษาปีที่ 1",0.8135349206349204,"ไม่ทำตนเป็นคนถือยศศักดิ์"
"student40","มัธยมศึกษาปีที่ 1",0.84864126984127,"มีระเบียบ"
"student40","มัธยมศึกษาปีที่ 1",-0.7346968253968256,"เป็นผู้รับใช้และใช้คน"
"student40","มัธยมศึกษาปีที่ 1",0.7586396825396825,"เป็นผู้กล้าหาญ"
"student40","มัธยมศึกษาปีที่ 1",0.22360634920634911,"กล้าเสียสละเพื่อประโยชน์ส่วนรวม"
"student40","มัธยมศึกษาปีที่ 1",0.8220650793650796,"รู้จักรักษาหมู่รักษาคณะ"
"student40","มัธยมศึกษาปีที่ 1",0.7926888888888888,"มีสติปัญญาความรู้"
"student40","มัธยมศึกษาปีที่ 1",0.8978555555555554,"รักเกียรติ และรักชื่อเสียงวงศ์ตระกูล"
"student40","มัธยมศึกษาปีที่ 1",0.567606349206349,"ไม่สำรวยหยิบโหย่ง"
"student13","มัธยมศึกษาปีที่ 1",-0.7509603174603176,"ศีลธรรม"
"student13","มัธยมศึกษาปีที่ 1",0.5324793650793653,"ไม่เหยียดหยาม"
"student13","มัธยมศึกษาปีที่ 1",0.742806349206349,"ไม่ทำตนเป็นคนถือยศศักดิ์"
"student13","มัธยมศึกษาปีที่ 1",1,"มีระเบียบ"
"student13","มัธยมศึกษาปีที่ 1",-0.7297246031746032,"เป็นผู้รับใช้และใช้คน"
"student13","มัธยมศึกษาปีที่ 1",0.7100222222222221,"เป็นผู้กล้าหาญ"
"student13","มัธยมศึกษาปีที่ 1",0.9207761904761904,"กล้าเสียสละเพื่อประโยชน์ส่วนรวม"
"student13","มัธยมศึกษาปีที่ 1",1,"รู้จักรักษาหมู่รักษาคณะ"
"student13","มัธยมศึกษาปีที่ 1",-0.8836412698412699,"มีสติปัญญาความรู้"
"student13","มัธยมศึกษาปีที่ 1",0.8570333333333334,"รู้จักตรากตรำ"
"student13","มัธยมศึกษาปีที่ 1",-0.8842603174603175,"รักเกียรติ และรักชื่อเสียงวงศ์ตระกูล"
"student13","มัธยมศึกษาปีที่ 1",0.8776793650793652,"ไม่สำรวยหยิบโหย่ง"
"student31","มัธยมศึกษาปีที่ 1",-0.8170206349206348,"ศีลธรรม"
"student31","มัธยมศึกษาปีที่ 1",-0.7268333333333336,"ไม่เหยียดหยาม"
"student31","มัธยมศึกษาปีที่ 1",-0.5117841269841271,"มีระเบียบ"
"student31","มัธยมศึกษาปีที่ 1",0.9048396825396824,"เป็นผู้รับใช้และใช้คน"
"student31","มัธยมศึกษาปีที่ 1",-0.864063492063492,"เป็นผู้กล้าหาญ"
"student31","มัธยมศึกษาปีที่ 1",0.7803111111111113,"กล้าเสียสละเพื่อประโยชน์ส่วนรวม"
"student31","มัธยมศึกษาปีที่ 1",0.6732349206349205,"รู้จักรักษาหมู่รักษาคณะ"
"student31","มัธยมศึกษาปีที่ 1",0.9294746031746032,"มีสติปัญญาความรู้"
"student31","มัธยมศึกษาปีที่ 1",0.9304,"รู้จักตรากตรำ"
"student31","มัธยมศึกษาปีที่ 1",0.7780904761904761,"รักเกียรติ และรักชื่อเสียงวงศ์ตระกูล"
"student7","มัธยมศึกษาปีที่ 1",0.9778888888888888,"ศีลธรรม"
"student7","มัธยมศึกษาปีที่ 1",0.904418253968254,"ไม่เหยียดหยาม"
"student7","มัธยมศึกษาปีที่ 1",0.9677,"ไม่ทำตนเป็นคนถือยศศักดิ์"
"student7","มัธยมศึกษาปีที่ 1",0.7268126984126981,"มีระเบียบ"
"student7","มัธยมศึกษาปีที่ 1",0.8336888888888888,"เป็นผู้รับใช้และใช้คน"
"student7","มัธยมศึกษาปีที่ 1",0.3826047619047618,"เป็นผู้กล้าหาญ"
"student7","มัธยมศึกษาปีที่ 1",0.9303761904761904,"กล้าเสียสละเพื่อประโยชน์ส่วนรวม"
"student7","มัธยมศึกษาปีที่ 1",-0.6157793650793653,"รู้จักรักษาหมู่รักษาคณะ"
"student7","มัธยมศึกษาปีที่ 1",0.3300492063492065,"มีสติปัญญาความรู้"
"student7","มัธยมศึกษาปีที่ 1",0.8986,"รู้จักตรากตรำ"
"student7","มัธยมศึกษาปีที่ 1",0.1134007936507936,"รักเกียรติ และรักชื่อเสียงวงศ์ตระกูล"
"student7","มัธยมศึกษาปีที่ 1",0.8820984126984128,"ไม่สำรวยหยิบโหย่ง"
"student55","ประถมศึกษาปีที่ 6",0.9005539682539682,"ศีลธรรม"
"student55","ประถมศึกษาปีที่ 6",0.674802380952381,"ไม่เหยียดหยาม"
"student55","ประถมศึกษาปีที่ 6",0.90875873015873,"ไม่ทำตนเป็นคนถือยศศักดิ์"
"student55","ประถมศึกษาปีที่ 6",-0.8036365079365078,"มีระเบียบ"
"student55","ประถมศึกษาปีที่ 6",0.4318920634920633,"เป็นผู้รับใช้และใช้คน"
"student55","ประถมศึกษาปีที่ 6",0.8311603174603176,"เป็นผู้กล้าหาญ"
"student55","ประถมศึกษาปีที่ 6",1,"กล้าเสียสละเพื่อประโยชน์ส่วนรวม"
"student55","ประถมศึกษาปีที่ 6",0.9996,"รู้จักรักษาหมู่รักษาคณะ"
"student55","ประถมศึกษาปีที่ 6",0.7837587301587302,"มีสติปัญญาความรู้"
"student55","ประถมศึกษาปีที่ 6",0.496073015873016,"รู้จักตรากตรำ"
"student55","ประถมศึกษาปีที่ 6",0.6446507936507934,"รักเกียรติ และรักชื่อเสียงวงศ์ตระกูล"
"student55","ประถมศึกษาปีที่ 6",1,"ไม่สำรวยหยิบโหย่ง"
"student59","ประถมศึกษาปีที่ 6",0.9698888888888888,"ศีลธรรม"
"student59","ประถมศึกษาปีที่ 6",1,"ไม่เหยียดหยาม"
"student59","ประถมศึกษาปีที่ 6",0.7708182539682541,"มีระเบียบ"
"student59","ประถมศึกษาปีที่ 6",-0.5449349206349208,"เป็นผู้รับใช้และใช้คน"
"student59","ประถมศึกษาปีที่ 6",0.8122595238095238,"เป็นผู้กล้าหาญ"
"student59","ประถมศึกษาปีที่ 6",-0.8622746031746031,"กล้าเสียสละเพื่อประโยชน์ส่วนรวม"
"student59","ประถมศึกษาปีที่ 6",0.5685349206349206,"รู้จักรักษาหมู่รักษาคณะ"
"student59","ประถมศึกษาปีที่ 6",0.8222825396825398,"มีสติปัญญาความรู้"
"student59","ประถมศึกษาปีที่ 6",0.8797126984126984,"รู้จักตรากตรำ"
"student59","ประถมศึกษาปีที่ 6",0.853195238095238,"รักเกียรติ และรักชื่อเสียงวงศ์ตระกูล"
"student59","ประถมศึกษาปีที่ 6",-0.9376095238095236,"ไม่สำรวยหยิบโหย่ง"
"student4","ประถมศึกษาปีที่ 6",0.8378095238095237,"ศีลธรรม"
"student4","ประถมศึกษาปีที่ 6",0.8345,"ไม่ทำตนเป็นคนถือยศศักดิ์"
"student4","ประถมศึกษาปีที่ 6",0.833094340924776,"มีระเบียบ"
"student4","ประถมศึกษาปีที่ 6",0.7218198412698411,"เป็นผู้รับใช้และใช้คน"
"student4","ประถมศึกษาปีที่ 6",-0.7856571428571427,"เป็นผู้กล้าหาญ"
"student4","ประถมศึกษาปีที่ 6",0.8973809523809524,"กล้าเสียสละเพื่อประโยชน์ส่วนรวม"
"student4","ประถมศึกษาปีที่ 6",-0.7710174603174603,"มีสติปัญญาความรู้"
"student4","ประถมศึกษาปีที่ 6",0.8134285714285715,"รักเกียรติ และรักชื่อเสียงวงศ์ตระกูล"
"student4","ประถมศึกษาปีที่ 6",-0.6829015873015872,"ไม่สำรวยหยิบโหย่ง"
"student35","ประถมศึกษาปีที่ 6",0.8978555555555554,"ศีลธรรม"
"student35","ประถมศึกษาปีที่ 6",-0.6136571428571429,"ไม่เหยียดหยาม"
"student35","ประถมศึกษาปีที่ 6",0.8480857142857143,"ไม่ทำตนเป็นคนถือยศศักดิ์"
"student35","ประถมศึกษาปีที่ 6",-0.5803087301587302,"มีระเบียบ"
"student35","ประถมศึกษาปีที่ 6",-0.1309746031746032,"เป็นผู้รับใช้และใช้คน"
"student35","ประถมศึกษาปีที่ 6",0.9125777777777776,"เป็นผู้กล้าหาญ"
"student35","ประถมศึกษาปีที่ 6",-0.6015047619047621,"กล้าเสียสละเพื่อประโยชน์ส่วนรวม"
"student35","ประถมศึกษาปีที่ 6",0.9248952380952378,"รู้จักรักษาหมู่รักษาคณะ"
"student35","ประถมศึกษาปีที่ 6",-0.20970634920634912,"มีสติปัญญาความรู้"
"student35","ประถมศึกษาปีที่ 6",0.04995873015872976,"รู้จักตรากตรำ"
"student35","ประถมศึกษาปีที่ 6",0.8099920634920635,"รักเกียรติ และรักชื่อเสียงวงศ์ตระกูล"
"student35","ประถมศึกษาปีที่ 6",-0.7794690476190476,"ไม่สำรวยหยิบโหย่ง"
"student19","มัธยมศึกษาปีที่ 1",-0.5878714285714286,"ศีลธรรม"
"student19","มัธยมศึกษาปีที่ 1",0.05879126984126981,"ไม่เหยียดหยาม"
"student19","มัธยมศึกษาปีที่ 1",0.8475809523809522,"ไม่ทำตนเป็นคนถือยศศักดิ์"
"student19","มัธยมศึกษาปีที่ 1",0.9755,"มีระเบียบ"
"student19","มัธยมศึกษาปีที่ 1",0.8044174603174602,"เป็นผู้รับใช้และใช้คน"
"student19","มัธยมศึกษาปีที่ 1",0.8158492063492064,"เป็นผู้กล้าหาญ"
"student19","มัธยมศึกษาปีที่ 1",1,"กล้าเสียสละเพื่อประโยชน์ส่วนรวม"
"student19","มัธยมศึกษาปีที่ 1",0.962611111111111,"มีสติปัญญาความรู้"
"student19","มัธยมศึกษาปีที่ 1",0.9776285714285716,"รู้จักตรากตรำ"
"student19","มัธยมศึกษาปีที่ 1",0.7491015873015873,"รักเกียรติ และรักชื่อเสียงวงศ์ตระกูล"
"student19","มัธยมศึกษาปีที่ 1",-0.8732285714285716,"ไม่สำรวยหยิบโหย่ง"
"student14","ประถมศึกษาปีที่ 6",0.9785555555555556,"ศีลธรรม"
"student14","ประถมศึกษาปีที่ 6",0.914481746031746,"ไม่เหยียดหยาม"
"student14","ประถมศึกษาปีที่ 6",0.9020698412698412,"ไม่ทำตนเป็นคนถือยศศักดิ์"
"student14","ประถมศึกษาปีที่ 6",0.9125746031746031,"มีระเบียบ"
"student14","ประถมศึกษาปีที่ 6",0.7561730158730158,"เป็นผู้รับใช้และใช้คน"
"student14","ประถมศึกษาปีที่ 6",0.8905285714285712,"เป็นผู้กล้าหาญ"
"student14","ประถมศึกษาปีที่ 6",1,"กล้าเสียสละเพื่อประโยชน์ส่วนรวม"
"student14","ประถมศึกษาปีที่ 6",-0.8350507936507936,"รู้จักรักษาหมู่รักษาคณะ"
"student14","ประถมศึกษาปีที่ 6",0.6617444444444444,"มีสติปัญญาความรู้"
"student14","ประถมศึกษาปีที่ 6",0.7255126984126983,"รู้จักตรากตรำ"
"student14","ประถมศึกษาปีที่ 6",0.5388920634920635,"รักเกียรติ และรักชื่อเสียงวงศ์ตระกูล"
"student14","ประถมศึกษาปีที่ 6",0.949542857142857,"ไม่สำรวยหยิบโหย่ง"
"student62","ประถมศึกษาปีที่ 6",-0.741801587301587,"ศีลธรรม"
"student62","ประถมศึกษาปีที่ 6",0.8444444444444446,"ไม่เหยียดหยาม"
"student62","ประถมศึกษาปีที่ 6",0.8710222222222224,"ไม่ทำตนเป็นคนถือยศศักดิ์"
"student62","ประถมศึกษาปีที่ 6",0.8260634920634919,"มีระเบียบ"
"student62","ประถมศึกษาปีที่ 6",0.9958333333333336,"เป็นผู้รับใช้และใช้คน"
"student62","ประถมศึกษาปีที่ 6",-0.7801333333333335,"เป็นผู้กล้าหาญ"
"student62","ประถมศึกษาปีที่ 6",0.5890834165834166,"กล้าเสียสละเพื่อประโยชน์ส่วนรวม"
"student62","ประถมศึกษาปีที่ 6",0.759120634920635,"รู้จักรักษาหมู่รักษาคณะ"
"student62","ประถมศึกษาปีที่ 6",0.9028857142857144,"มีสติปัญญาความรู้"
"student62","ประถมศึกษาปีที่ 6",0.9752714285714288,"รู้จักตรากตรำ"
"student62","ประถมศึกษาปีที่ 6",0.6591603174603176,"รักเกียรติ และรักชื่อเสียงวงศ์ตระกูล"
"student62","ประถมศึกษาปีที่ 6",-0.7302888888888892,"ไม่สำรวยหยิบโหย่ง"
"student5","ประถมศึกษาปีที่ 5",0.8879698412698415,"ศีลธรรม"
"student5","ประถมศึกษาปีที่ 5",0.8664126984126983,"ไม่เหยียดหยาม"
"student5","ประถมศึกษาปีที่ 5",0.87319126984127,"ไม่ทำตนเป็นคนถือยศศักดิ์"
"student5","ประถมศึกษาปีที่ 5",0.8975777777777777,"มีระเบียบ"
"student5","ประถมศึกษาปีที่ 5",0.8932111111111112,"เป็นผู้รับใช้และใช้คน"
"student5","ประถมศึกษาปีที่ 5",0.7750809523809523,"เป็นผู้กล้าหาญ"
"student5","ประถมศึกษาปีที่ 5",0.9520769841269842,"กล้าเสียสละเพื่อประโยชน์ส่วนรวม"
"student5","ประถมศึกษาปีที่ 5",0.9212000000000002,"รู้จักรักษาหมู่รักษาคณะ"
"student5","ประถมศึกษาปีที่ 5",-0.924384126984127,"มีสติปัญญาความรู้"
"student5","ประถมศึกษาปีที่ 5",0.8942698412698411,"รู้จักตรากตรำ"
"student5","ประถมศึกษาปีที่ 5",0.717031746031746,"รักเกียรติ และรักชื่อเสียงวงศ์ตระกูล"
"student65","ประถมศึกษาปีที่ 5",0.9152142857142858,"ศีลธรรม"
"student65","ประถมศึกษาปีที่ 5",0.8566190476190476,"ไม่เหยียดหยาม"
"student65","ประถมศึกษาปีที่ 5",-0.7378444444444447,"มีระเบียบ"
"student65","ประถมศึกษาปีที่ 5",0.5371809523809523,"เป็นผู้รับใช้และใช้คน"
"student65","ประถมศึกษาปีที่ 5",0.9083285714285712,"เป็นผู้กล้าหาญ"
"student65","ประถมศึกษาปีที่ 5",0.8523476190476191,"มีสติปัญญาความรู้"
"student65","ประถมศึกษาปีที่ 5",0.8863666666666665,"รู้จักตรากตรำ"
"student65","ประถมศึกษาปีที่ 5",0.7572373015873015,"รักเกียรติ และรักชื่อเสียงวงศ์ตระกูล"
"student65","ประถมศึกษาปีที่ 5",0.7118349206349208,"ไม่สำรวยหยิบโหย่ง"
"student17","ประถมศึกษาปีที่ 5",-0.7805126984126982,"ศีลธรรม"
"student17","ประถมศึกษาปีที่ 5",1,"ไม่เหยียดหยาม"
"student17","ประถมศึกษาปีที่ 5",-0.8319888888888889,"มีระเบียบ"
"student17","ประถมศึกษาปีที่ 5",0.6657460317460318,"เป็นผู้รับใช้และใช้คน"
"student17","ประถมศึกษาปีที่ 5",-0.7842873015873016,"เป็นผู้กล้าหาญ"
"student17","ประถมศึกษาปีที่ 5",0.6900841269841271,"กล้าเสียสละเพื่อประโยชน์ส่วนรวม"
"student17","ประถมศึกษาปีที่ 5",0.8805349206349208,"รู้จักรักษาหมู่รักษาคณะ"
"student17","ประถมศึกษาปีที่ 5",-0.9673936507936508,"มีสติปัญญาความรู้"
"student17","ประถมศึกษาปีที่ 5",0.869373015873016,"รู้จักตรากตรำ"
"student17","ประถมศึกษาปีที่ 5",0.8919698412698415,"ไม่สำรวยหยิบโหย่ง"
"student54","ประถมศึกษาปีที่ 5",0.1003253968253972,"ศีลธรรม"
"student54","ประถมศึกษาปีที่ 5",0.9240492063492064,"ไม่เหยียดหยาม"
"student54","ประถมศึกษาปีที่ 5",0.8640825396825396,"ไม่ทำตนเป็นคนถือยศศักดิ์"
"student54","ประถมศึกษาปีที่ 5",0.850526984126984,"มีระเบียบ"
"student54","ประถมศึกษาปีที่ 5",0.7139809523809526,"เป็นผู้รับใช้และใช้คน"
"student54","ประถมศึกษาปีที่ 5",0.8448142857142856,"เป็นผู้กล้าหาญ"
"student54","ประถมศึกษาปีที่ 5",0.89080873015873,"กล้าเสียสละเพื่อประโยชน์ส่วนรวม"
"student54","ประถมศึกษาปีที่ 5",0.7425396825396824,"รู้จักรักษาหมู่รักษาคณะ"
"student54","ประถมศึกษาปีที่ 5",0.9062190476190478,"มีสติปัญญาความรู้"
"student54","ประถมศึกษาปีที่ 5",0.8318396825396827,"รู้จักตรากตรำ"
"student54","ประถมศึกษาปีที่ 5",0.9854444444444443,"ไม่สำรวยหยิบโหย่ง"
"student53","มัธยมศึกษาปีที่ 1",-0.792347619047619,"ศีลธรรม"
"student53","มัธยมศึกษาปีที่ 1",0.9024912698412696,"ไม่เหยียดหยาม"
"student53","มัธยมศึกษาปีที่ 1",0.8051857142857141,"ไม่ทำตนเป็นคนถือยศศักดิ์"
"student53","มัธยมศึกษาปีที่ 1",0.8922761777438246,"มีระเบียบ"
"student53","มัธยมศึกษาปีที่ 1",0.8219293650793653,"เป็นผู้รับใช้และใช้คน"
"student53","มัธยมศึกษาปีที่ 1",0.7997349206349207,"เป็นผู้กล้าหาญ"
"student53","มัธยมศึกษาปีที่ 1",0.8334603174603176,"กล้าเสียสละเพื่อประโยชน์ส่วนรวม"
"student53","มัธยมศึกษาปีที่ 1",0.7770111111111109,"รู้จักรักษาหมู่รักษาคณะ"
"student53","มัธยมศึกษาปีที่ 1",0.9193142857142856,"มีสติปัญญาความรู้"
"student53","มัธยมศึกษาปีที่ 1",0.9714285714285716,"รู้จักตรากตรำ"
"student53","มัธยมศึกษาปีที่ 1",0.8629873015873015,"รักเกียรติ และรักชื่อเสียงวงศ์ตระกูล"
"student53","มัธยมศึกษาปีที่ 1",0.8611809523809523,"ไม่สำรวยหยิบโหย่ง"
"student56","ประถมศึกษาปีที่ 6",0.8693841269841268,"ศีลธรรม"
"student56","ประถมศึกษาปีที่ 6",0.9715555555555556,"ไม่เหยียดหยาม"
"student56","ประถมศึกษาปีที่ 6",0.8705642857142855,"ไม่ทำตนเป็นคนถือยศศักดิ์"
"student56","ประถมศึกษาปีที่ 6",0.9856,"มีระเบียบ"
"student56","ประถมศึกษาปีที่ 6",-0.762142857142857,"เป็นผู้รับใช้และใช้คน"
"student56","ประถมศึกษาปีที่ 6",0.8259825396825397,"เป็นผู้กล้าหาญ"
"student56","ประถมศึกษาปีที่ 6",0.8849730158730157,"กล้าเสียสละเพื่อประโยชน์ส่วนรวม"
"student56","ประถมศึกษาปีที่ 6",1,"รู้จักรักษาหมู่รักษาคณะ"
"student56","ประถมศึกษาปีที่ 6",0.8851285714285717,"มีสติปัญญาความรู้"
"student56","ประถมศึกษาปีที่ 6",0.900695238095238,"รู้จักตรากตรำ"
"student56","ประถมศึกษาปีที่ 6",0.9048333333333336,"รักเกียรติ และรักชื่อเสียงวงศ์ตระกูล"
"student56","ประถมศึกษาปีที่ 6",0.924857142857143,"ไม่สำรวยหยิบโหย่ง"
"student20","ประถมศึกษาปีที่ 6",0.9775619047619049,"ศีลธรรม"
"student20","ประถมศึกษาปีที่ 6",0.7460492063492064,"ไม่เหยียดหยาม"
"student20","ประถมศึกษาปีที่ 6",0.7531317460317458,"ไม่ทำตนเป็นคนถือยศศักดิ์"
"student20","ประถมศึกษาปีที่ 6",0.9693034188034186,"มีระเบียบ"
"student20","ประถมศึกษาปีที่ 6",0.7031158730158726,"เป็นผู้รับใช้และใช้คน"
"student20","ประถมศึกษาปีที่ 6",0.7007777777777775,"เป็นผู้กล้าหาญ"
"student20","ประถมศึกษาปีที่ 6",0.6866555555555555,"กล้าเสียสละเพื่อประโยชน์ส่วนรวม"
"student20","ประถมศึกษาปีที่ 6",0.746311111111111,"รู้จักรักษาหมู่รักษาคณะ"
"student20","ประถมศึกษาปีที่ 6",0.9484984126984124,"มีสติปัญญาความรู้"
"student20","ประถมศึกษาปีที่ 6",0.9590031746031747,"รู้จักตรากตรำ"
"student20","ประถมศึกษาปีที่ 6",0.8701650793650793,"รักเกียรติ และรักชื่อเสียงวงศ์ตระกูล"
"student20","ประถมศึกษาปีที่ 6",0.9416,"ไม่สำรวยหยิบโหย่ง"
"student11","ประถมศึกษาปีที่ 5",0.9988,"ศีลธรรม"
"student11","ประถมศึกษาปีที่ 5",0.7997999999999997,"ไม่เหยียดหยาม"
"student11","ประถมศึกษาปีที่ 5",0.9612444444444446,"ไม่ทำตนเป็นคนถือยศศักดิ์"
"student11","ประถมศึกษาปีที่ 5",0.8988412698412697,"มีระเบียบ"
"student11","ประถมศึกษาปีที่ 5",-0.8571285714285716,"เป็นผู้รับใช้และใช้คน"
"student11","ประถมศึกษาปีที่ 5",0.8670793650793651,"เป็นผู้กล้าหาญ"
"student11","ประถมศึกษาปีที่ 5",0.959495238095238,"กล้าเสียสละเพื่อประโยชน์ส่วนรวม"
"student11","ประถมศึกษาปีที่ 5",0.8762999999999999,"รู้จักรักษาหมู่รักษาคณะ"
"student11","ประถมศึกษาปีที่ 5",0.8170158730158729,"มีสติปัญญาความรู้"
"student11","ประถมศึกษาปีที่ 5",0.8125936507936509,"รู้จักตรากตรำ"
"student11","ประถมศึกษาปีที่ 5",0.8012015873015874,"รักเกียรติ และรักชื่อเสียงวงศ์ตระกูล"
"student11","ประถมศึกษาปีที่ 5",0.8958142857142857,"ไม่สำรวยหยิบโหย่ง"
"student37","ประถมศึกษาปีที่ 5",0.7510960317460316,"ศีลธรรม"
"student37","ประถมศึกษาปีที่ 5",-0.1257698412698409,"ไม่เหยียดหยาม"
"student37","ประถมศึกษาปีที่ 5",0.8082285714285713,"ไม่ทำตนเป็นคนถือยศศักดิ์"
"student37","ประถมศึกษาปีที่ 5",0.9163063492063492,"มีระเบียบ"
"student37","ประถมศึกษาปีที่ 5",0.8708269841269842,"เป็นผู้รับใช้และใช้คน"
"student37","ประถมศึกษาปีที่ 5",0.8067984126984128,"เป็นผู้กล้าหาญ"
"student37","ประถมศึกษาปีที่ 5",0.2807650793650793,"รู้จักรักษาหมู่รักษาคณะ"
"student37","ประถมศึกษาปีที่ 5",0.06028571428571439,"มีสติปัญญาความรู้"
"student37","ประถมศึกษาปีที่ 5",0.8857174603174605,"รู้จักตรากตรำ"
"student37","ประถมศึกษาปีที่ 5",0.7930111111111111,"ไม่สำรวยหยิบโหย่ง"
"student68","ประถมศึกษาปีที่ 5",0.9326031746031744,"ศีลธรรม"
"student68","ประถมศึกษาปีที่ 5",0.7257031746031746,"ไม่เหยียดหยาม"
"student68","ประถมศึกษาปีที่ 5",0.8829253968253968,"ไม่ทำตนเป็นคนถือยศศักดิ์"
"student68","ประถมศึกษาปีที่ 5",0.842166666666667,"มีระเบียบ"
"student68","ประถมศึกษาปีที่ 5",0.5120714285714286,"เป็นผู้รับใช้และใช้คน"
"student68","ประถมศึกษาปีที่ 5",0.8708952380952378,"เป็นผู้กล้าหาญ"
"student68","ประถมศึกษาปีที่ 5",0.6664174603174605,"รู้จักรักษาหมู่รักษาคณะ"
"student68","ประถมศึกษาปีที่ 5",0.6287055555555554,"มีสติปัญญาความรู้"
"student68","ประถมศึกษาปีที่ 5",0.7601825396825396,"รู้จักตรากตรำ"
"student68","ประถมศึกษาปีที่ 5",0.8280992063492064,"รักเกียรติ และรักชื่อเสียงวงศ์ตระกูล"
